Assay,Forward.primer.5...3....,Reverser.primer.5...3....,Probe..positive.strand.,F1,F2,R1,R2,P1,P2
ChinaCDC-ORF1ab,CCCTGTGGGTTTTACACTTAA,ACGATTGTGCATCAGCTGA,CCGTCTGCGGTATGTGGAAAGGTTATGG,13342,13362,13442,13460,13377,13404
ChinaCDC-N,GGGGAACTTCTCCTGCTAGAAT,CAGACATTTTGCTCTCAAGCTG,TTGCTGCTGCTTGACAGATT,28881,28902,28958,28979,28934,28953
Charite-RdRP,GTGARATGGTCATGTGTGGCGG,CARATGTTAAASACACTATTAGCATA,CCAGGTGGWACRTCATCMGGTGATGC,15431,15452,15505,15530,15469,15494
Charite-E,ACAGGTACGTTAATAGTTAATAGCGT,ATATTGCAGCAGTACGCACACA,ACACTAGCCATCCTTACTGCGCTTCG,26269,26294,26360,26381,26332,26357
HKU-ORF1b,TGGGGYTTTACRGGTAACCT,AACRCGCTTAACAAAGCACTC,TAGTTGTGATGCWATCATGACTAG,18778,18797,18888,18909,18849,18872
HKU-N,TAATCAGACAAGGAACTGATTA,CGAAGGTGTGACTTCCATG,GCAAATTGTGCAATTTGCGG,29145,29166,29236,29254,29179,29198
USACDC-N1,GACCCCAAAATCAGCGAAAT,TCTGGTTACTGCCAGTTGAATCTG,ACCCCGCATTACGTTTGGTGGACC,28287,28306,28335,28358,28309,28332
USACDC-N2,TTACAAACATTGGCCGCAAA,GCGCGACATTCCGAAGAA,ACAATTTGCCCCCAGCGCTTCAG,29164,29183,29213,29230,29188,29210
USACDC-N3,GGGAGCCTTGAATACACCAAAA,TGTAGCACGATTGCAGCATTG,AYCACATTGGCACCCGCAATCCTG,28681,28702,28732,28752,28704,28727
Thailand-N,CGTTTGGTGGACCCTCAGAT,AATGGAGAACGCAGTGGGG,CAACTGGCAGTAACCA,28320,28339,28358,28376,28341,28356
IP2,ATGAGCTTAGTCCTGTTG,CTCCCTTTGTTGTGTTGT,AGATGTCTTGTGCTGCCGGTA,12690,12707,12780,12797,12717,12737
IP4,GGTAACTGGTATGATTTCG,CTGGTCAAGGTTAATATAGG,TCATACAAACCACGCCAGG,14080,14095,14167,14186,14105,14123
Japan-NIID-N,AAATTTTGGGGACCAGGAAC,TGGCAGCTGTGTAGGTCAAC,ATGTCGCGCATTGGCATGGA,29125,29144,29263,29282,29222,29241
